<xt:extension xmlns:xt="http://www.oxygenxml.com/ns/extension"
    id="com.oxygenxml.xspec.XSpecSupportPlugin">
    <xt:location href="xspec.support-1.0-SNAPSHOT-plugin.zip"/>
    <xt:version>1.0-SNAPSHOT.0</xt:version>
    <xt:oxy_version>18.0+</xt:oxy_version>
    <xt:type>plugin</xt:type>
    <xt:author>Alex Jitianu</xt:author>
    <xt:name>XSpec Helper view</xt:name>
    <xt:description><html xmlns="http://www.w3.org/1999/xhtml">
            <head>
                <title>XSpec Helper view</title>
            </head>
            <body>
                <div>
                    <p>A proof of concept plugin that contributes a view that presents the results of an XSpec 
                    transformation. After instalation, to use it, open an XSpec file and invoke the "XSpec Run"
                    action from the toolbar.</p>
                    
                </div>
            </body>
        </html>
    </xt:description>
    <xt:license></xt:license>
</xt:extension>
